{"assets/asset1.png":["assets/asset1.png"],"assets/asset10.png":["assets/asset10.png"],"assets/asset2.png":["assets/asset2.png"],"assets/asset3.png":["assets/asset3.png"],"assets/asset4.png":["assets/asset4.png"],"assets/asset5.png":["assets/asset5.png"],"assets/asset6.png":["assets/asset6.png"],"assets/asset7.png":["assets/asset7.png"],"assets/asset8.png":["assets/asset8.png"],"assets/asset9.png":["assets/asset9.png"],"assets/bg1.png":["assets/bg1.png"],"assets/bg2.png":["assets/bg2.png"],"assets/bg_blue.png":["assets/bg_blue.png"],"assets/bg_pink.png":["assets/bg_pink.png"],"assets/check.png":["assets/check.png"],"assets/check2.png":["assets/check2.png"],"assets/humid.png":["assets/humid.png"],"assets/information.png":["assets/information.png"],"assets/love.png":["assets/love.png"],"assets/man.png":["assets/man.png"],"assets/star.png":["assets/star.png"],"assets/star2.png":["assets/star2.png"],"assets/success.png":["assets/success.png"],"assets/sucess2.png":["assets/sucess2.png"],"assets/tempurature.png":["assets/tempurature.png"],"assets/toilet.png":["assets/toilet.png"],"assets/toilet_grey.png":["assets/toilet_grey.png"],"assets/waiting.png":["assets/waiting.png"],"assets/woman.png":["assets/woman.png"],"packages/cupertino_icons/assets/CupertinoIcons.ttf":["packages/cupertino_icons/assets/CupertinoIcons.ttf"]}